"Algorithm","Hash","Path"
"SHA256","56347ECFE4A62B2FBEBB66876DCA78FCDF2C05F8F7D8D263AA2737DCB567CC73","S:\artifacts\phase3\gate-results\gate3-20260208-172235\go-no-go-20260208_164811.log"
"SHA256","86745F34CD73EEE4159BF70318B7C54380B4930125433F44171262E146CC2FD2","S:\artifacts\phase3\gate-results\gate3-20260208-172235\go-no-go-summary-20260208_164811.json"
"SHA256","D367B5F50537F027B19D29B89F863A2682C544DB6464BE4FE7A01A730FB1409A","S:\artifacts\phase3\gate-results\gate3-20260208-172235\release-bundle\config-hash.json"
"SHA256","EE4959318E4DCDB876DC683D19DFEE3C82AB4BA4ABF95BC8D5CB2F1ACFCF1452","S:\artifacts\phase3\gate-results\gate3-20260208-172235\release-bundle\locks\requirements.lock"
"SHA256","E3B0C44298FC1C149AFBF4C8996FB92427AE41E4649B934CA495991B7852B855","S:\artifacts\phase3\gate-results\gate3-20260208-172235\release-bundle\logs\.gitkeep"
"SHA256","7F593CA50ED987A6EC0F4B4DEEE1060529CC90308CC5B2830D36582E7C46B569","S:\artifacts\phase3\gate-results\gate3-20260208-172235\release-bundle\logs\api-gateway.err.log"
"SHA256","D4464AFB7B75CC7053CFFAD2F9837091C20B7D82761CE927C7BD699C9FD29AEA","S:\artifacts\phase3\gate-results\gate3-20260208-172235\release-bundle\logs\api-gateway.out.log"
"SHA256","085FBD1E97D351C056E171080FF12A3956B2DC7E952D4F57F0E0AEADD9940FB5","S:\artifacts\phase3\gate-results\gate3-20260208-172235\release-bundle\logs\eva-os.err.log"
"SHA256","E8AE926491EFBBB191F0AEFD4715F642E13DE390D56AD8A649CDBEE2A2A1F759","S:\artifacts\phase3\gate-results\gate3-20260208-172235\release-bundle\logs\eva-os.out.log"
"SHA256","C49DDAEFCFB63D9AA2500B8B11C2F28CC2663DD946675357B9D8B26FFD7B6325","S:\artifacts\phase3\gate-results\gate3-20260208-172235\release-bundle\logs\memory-engine.err.log"
"SHA256","039DB833A1986F0E48328B98B3A4F9BA43A40BDD3CC2133AC8D70791E96E0043","S:\artifacts\phase3\gate-results\gate3-20260208-172235\release-bundle\logs\memory-engine.out.log"
"SHA256","5368039BF594992B743E597DB8ACDC7293421F3B306229FA62C7D18E5EF2A240","S:\artifacts\phase3\gate-results\gate3-20260208-172235\release-bundle\logs\model-router.err.log"
"SHA256","656F6459A5E38C8C3A587E2924A55F4A5201DDBF4EDF031071CE6B4708FBDD68","S:\artifacts\phase3\gate-results\gate3-20260208-172235\release-bundle\logs\model-router.out.log"
"SHA256","84B737B99A0F3ADF231AA11691D592ABB420AB6B65865C69115271617A7DF9B0","S:\artifacts\phase3\gate-results\gate3-20260208-172235\release-bundle\logs\openclaw.err.log"
"SHA256","B49C4C8B7DFF97FFB90F5BFAF3DA552604D06826D0B7EEDC1883338852E34052","S:\artifacts\phase3\gate-results\gate3-20260208-172235\release-bundle\logs\openclaw.out.log"
"SHA256","091DF2CAFEE8240E3096EBE68E82445CFD7611AA61BF027605294F8A21F750E7","S:\artifacts\phase3\gate-results\gate3-20260208-172235\release-bundle\logs\pipecat.err.log"
"SHA256","3D3C6C9AC4C88F43EE303FE57AA66BD4CFA956788A8FCEBD73E28DA25B2F7DE5","S:\artifacts\phase3\gate-results\gate3-20260208-172235\release-bundle\logs\pipecat.out.log"
"SHA256","E4B799C3E27221D0955594B46E3D59026E0F04D48CB2D4543E03B0F36079D236","S:\artifacts\phase3\gate-results\gate3-20260208-172235\release-bundle\pids.json"
